name,genre,developer,esrb_rating
Grand Theft Auto IV,Accion,Rockstar Games,M
The Legend of Zelda: Breath of the Wild,Aventura,Nintendo,E10+
Minecraft,Supervivencia,Mojang Studios,E10+
God of War,Accion,Santa Monica Studio,M
FIFA 23,Deportes,EA Sports,E
Red Dead Redemption 2,Accion,Rockstar Games,M
Super Mario Odyssey,Plataformas,Nintendo,E10+
The Witcher 3: Wild Hunt,Rol,CD Projekt Red,M
Halo Infinite,Disparos,343 Industries,T
Forza Horizon 5,Carreras,Playground Games,E
Resident Evil 4,Terror,Capcom,M
God of War Ragnarök,Accion,Santa Monica Studio,M
Pokemon Scarlet,Rol,Game Freak,E
Assassin's Creed II,Accion,Ubisoft,M
Rocket League,Deportes,Psyonix,E
Elden Ring,Rol,FromSoftware,M
Gran Turismo 7,Carreras,Polyphony Digital,E
Hades,Accion,Supergiant Games,T
Uncharted 4: A Thief's End,Aventura,Naughty Dog,T
Street Fighter 6,Lucha,Capcom,T
